,price.open,price.high,price.low,price.close,volume,price.adjusted,sale price,ref.date,ticker,ret.adjusted.prices,ret.closing.prices,pct change,direction
1,84.089996,85.760002,83.769997,84.610001,5128900,81.80555,170.37000,10/12/18,TGT,0.021859923,0.021859878,-0.295648063,E
2,84.559998,85.309998,84.32,84.599998,3345500,81.795876,169.91000,10/15/18,TGT,-0.000118256,-0.000118225,-0.613978975,D
3,85.139999,86.07,84.550003,85.809998,2691700,82.965775,171.88000,10/16/18,TGT,0.014302665,0.014302601,-0.615985822,D
4,85.559998,85.949997,83.540001,84.419998,4191800,81.621841,170.37000,10/17/18,TGT,-0.016198655,-0.016198579,-0.420976669,E
5,83.589996,84.580002,82,83.360001,4242600,80.596977,167.94000,10/18/18,TGT,-0.012556247,-0.012556231,-0.263572485,E
6,83.730003,83.769997,81.919998,82.019997,5464400,79.301392,165.78999,10/19/18,TGT,-0.016074858,-0.016074904,0.437178159,D
7,82.5,83.779999,82.5,83.230003,3420200,80.471291,167.01000,10/22/18,TGT,0.014752566,0.014752573,-0.311639608,E
8,81.279999,82.949997,81.07,82.669998,4517500,79.929848,165.62000,10/23/18,TGT,-0.0067284,-0.006728403,0.344736147,D
9,82.589996,84.300003,82.110001,82.269997,5098800,79.543098,166.57000,10/24/18,TGT,-0.004838618,-0.004838527,0.837500905,D
10,83.18,84.580002,82.650002,83.830002,5311600,81.051407,168.41000,10/25/18,TGT,0.018962161,0.018962016,-0.047703151,E
11,83.720001,84.260002,81.809998,81.940002,6128800,79.224045,166.20000,10/26/18,TGT,-0.022545716,-0.022545628,0.545667076,D
12,82.779999,85.519997,82.510002,84.099998,5353000,81.312447,169.62000,10/29/18,TGT,0.026360709,0.026360702,0.073436775,D
13,84.800003,86.470001,84.550003,85.769997,5767600,82.927094,172.24000,10/30/18,TGT,0.019857317,0.019857301,-0.099199084,E
14,86.470001,86.470001,83.519997,83.629997,6674200,80.858032,170.10000,10/31/18,TGT,-0.024950374,-0.02495045,0.463126819,D
15,83.510002,84.379997,82.980003,84.230003,4388600,81.438141,168.61000,11/1/18,TGT,0.007174414,0.007174531,0.593422851,D
16,84.760002,85.669998,83.459999,84.410004,3637600,81.612175,170.08000,11/2/18,TGT,0.002137009,0.002137018,0.742359734,D
17,84.559998,85.519997,84.110001,85.349998,3670700,82.521004,170.87000,11/5/18,TGT,0.011135949,0.01113605,0.367852123,D
18,85.440002,85.669998,84.93,85.589996,3837700,82.753067,171.25999,11/6/18,TGT,0.002812169,0.002811927,-0.027753493,E
19,87.510002,87.660004,85.760002,86.760002,6778300,83.884285,174.42001,11/7/18,TGT,0.013669802,0.013669892,-0.566007558,D
20,87,87.860001,86.790001,87.599998,4477900,84.696434,175.46000,11/8/18,TGT,0.009681778,0.009681835,-1.045712118,D
21,87.440002,87.93,86.669998,86.940002,3490000,84.058319,174.87000,11/9/18,TGT,-0.007534142,-0.007534201,-1.469259657,D
22,87.169998,87.290001,85.239998,85.470001,4720800,82.637039,172.76000,11/12/18,TGT,-0.016908261,-0.016908224,-1.400716325,D
23,85.620003,85.980003,83.940002,84.32,4328400,81.525146,170.30000,11/13/18,TGT,-0.013455141,-0.013455025,-1.609642822,D
24,84.519997,85.599998,82.610001,83.129997,5625500,80.374588,168.73000,11/14/18,TGT,-0.014112922,-0.014112939,-3.611772339,D
25,82.849998,82.849998,80.07,80.760002,7119000,78.083168,163.61000,11/15/18,TGT,-0.02850926,-0.028509504,-3.054286592,D
26,79.449997,80.160004,78.209999,79.68,8260900,77.038956,159.84000,11/16/18,TGT,-0.013373074,-0.013372981,-3.395665776,D
27,79.93,80.400002,77.559998,77.790001,9144000,75.211601,158.19000,11/19/18,TGT,-0.023719883,-0.023719867,-2.42145883,D
28,67.989998,71.5,66.120003,69.029999,20866400,67.295616,140.53000,11/20/18,TGT,-0.105249521,-0.1126109,0.678660591,D
29,70,70.25,68.080002,69.260002,11724700,67.519844,139.51000,11/21/18,TGT,0.003331985,0.003331928,0.750456876,D
30,69.190002,69.370003,67.209999,67.349998,5652600,65.657822,136.72000,11/23/18,TGT,-0.027577404,-0.027577302,1.088226109,D
31,68.07,69.339996,68.07,69.25,10028800,67.510086,138.59000,11/26/18,TGT,0.028210866,0.028210869,0.482178841,D
32,69.089996,71.989998,68.68,71.379997,13392500,69.586571,143.37000,11/27/18,TGT,0.030758145,0.030758079,0.268358548,D
33,71.389999,71.889999,69.82,71.879997,8457200,70.074005,143.77000,11/28/18,TGT,0.007004714,0.007004764,-0.722599979,D
34,71.449997,71.540001,69.760002,71.169998,6718400,69.381836,142.71000,11/29/18,TGT,-0.009877686,-0.00987756,-0.461337325,E
35,70.940002,71.669998,70.339996,70.959999,7100400,69.177116,142.63000,11/30/18,TGT,-0.002950628,-0.002950667,-0.900103175,D
36,72.43,72.639999,70.809998,72.339996,7747600,70.522446,144.98000,12/3/18,TGT,0.019447616,0.019447534,-1.157432938,D
37,72.059998,72.480003,68.5,69.309998,9762000,67.568581,141.79000,12/4/18,TGT,-0.041885459,-0.041885515,-0.740285297,D
38,68.699997,69.599998,67.349998,69.540001,6304400,67.792793,139.14000,12/6/18,TGT,0.003318288,0.003318468,-0.514342818,D
39,69.169998,69.870003,67.330002,67.809998,5471500,66.10627,137.68000,12/7/18,TGT,-0.024877615,-0.024877811,-0.334933312,E
40,67.760002,68.529999,66.57,68.32,5750900,66.603447,136.85000,12/10/18,TGT,0.007520875,0.007521044,-0.341510366,E
41,68.739998,68.809998,66.07,66.779999,5756500,65.10215,135.59000,12/11/18,TGT,-0.02254083,-0.022540998,-0.739315686,D
42,67.849998,68.32,67.25,67.790001,5451300,66.086777,136.11000,12/12/18,TGT,0.015124339,0.015124319,-0.748634957,D
43,67.419998,68.669998,65.959999,66.68,5866800,65.004662,135.35000,12/13/18,TGT,-0.016374153,-0.016374111,-1.179859037,D
44,66.199997,67.919998,66.019997,67.169998,6471700,65.482346,135.09000,12/14/18,TGT,0.007348458,0.0073485,-1.702298888,D
45,66.699997,66.709999,63.759998,64.32,8576400,62.703957,131.03000,12/17/18,TGT,-0.042429589,-0.042429628,-1.011766621,D
46,64.720001,65.779999,64.57,65.309998,7074300,63.669079,131.09000,12/18/18,TGT,0.015391724,0.01539176,-1.203122676,D
47,65.839996,65.949997,62.470001,62.830002,6705300,61.251392,128.78000,12/19/18,TGT,-0.037972703,-0.037972685,0.730020162,D
48,62.650002,63.330002,60.740002,61.700001,8216200,60.14978,125.03000,12/20/18,TGT,-0.017985093,-0.017985054,0.957987903,D
49,61.77,63.509998,60.810001,61.130001,8825100,59.594101,124.64000,12/21/18,TGT,-0.009238255,-0.009238249,1.20645058,D
50,60.709999,62.709999,60.150002,61.549999,3623400,60.003551,124.26000,12/24/18,TGT,0.006870646,0.006870571,1.40810033,D
51,62.400002,65.230003,61.990002,65.110001,6157300,63.474098,130.34000,12/26/18,TGT,0.057839027,0.057839189,0.40634292,D
52,64.370003,64.889999,62.16,64.709999,5706000,63.084152,129.60000,12/27/18,TGT,-0.006143388,-0.00614348,0.250205966,D
53,65.18,65.879997,64.43,64.959999,4193200,63.327869,130.84000,12/28/18,TGT,0.003863363,0.003863391,0.446198518,D
54,65.330002,66.18,65.220001,66.089996,4178500,64.429474,132.27000,12/31/18,TGT,0.017395264,0.017395274,1.074304705,D
55,65.059998,66.849998,64.760002,66.440002,4549300,64.770699,133.29000,1/2/19,TGT,0.005296101,0.0052959,0.938730487,D
56,66.129997,66.629997,65.410004,65.529999,4562200,63.883556,132.16000,1/3/19,TGT,-0.013696672,-0.013696613,1.393687997,D
57,66.239998,66.879997,65.449997,66.43,4825900,64.760941,133.31000,1/4/19,TGT,0.013734129,0.013734183,0.540226832,D
58,66.809998,69.879997,66.809998,69.68,7630600,67.929283,139.56000,1/7/19,TGT,0.048923656,0.048923679,-0.020144756,E
59,70.18,70.480003,68.309998,69.610001,6756000,67.861038,140.09000,1/8/19,TGT,-0.001004648,-0.001004578,-0.222133914,E
60,69.379997,70.980003,68.779999,70.290001,6025100,68.523956,141.27000,1/9/19,TGT,0.009768757,0.009768711,-0.602480017,D
61,67.949997,68.330002,66.529999,68.290001,13913700,66.574203,136.62000,1/10/19,TGT,-0.028453597,-0.028453549,-0.128355603,E
62,68.300003,70.040001,68.059998,69.610001,5025900,67.861038,139.65000,1/11/19,TGT,0.019329334,0.019329331,-0.069791207,E
63,69.150002,69.849998,68.629997,68.839996,4568000,67.110382,138.68999,1/14/19,TGT,-0.011061664,-0.011061701,0.533411805,D
64,68.760002,68.760002,67.800003,68.209999,3770000,66.496216,136.97000,1/15/19,TGT,-0.00915158,-0.009151613,0.597592311,D
65,68.059998,68.629997,67.599998,67.849998,4888700,66.145264,136.48000,1/16/19,TGT,-0.005277774,-0.005277833,0.708752367,D
66,67.510002,69.660004,67.169998,69.370003,4133200,67.627075,139.03001,1/17/19,TGT,0.022402375,0.022402432,0.353014288,D
67,69.970001,70.879997,69.830002,70.68,4484100,68.90416,141.56000,1/18/19,TGT,0.018884226,0.0188842,0.482668794,D
68,70.379997,71.040001,69.660004,70.279999,5763900,68.514206,141.32000,1/22/19,TGT,-0.005659368,-0.005659324,0.517261888,D
69,70.839996,71.449997,69.330002,70.32,4446600,68.553207,141.77000,1/23/19,TGT,0.00056924,0.000569166,0.386402251,D
70,70.550003,70.900002,69.82,70.610001,4057000,68.835922,141.51000,1/24/19,TGT,0.004124023,0.004124019,0.47890881,D
71,71.050003,72.440002,70.940002,72.389999,5544200,70.571198,144.83000,1/25/19,TGT,0.025208873,0.025208865,0.168722962,D
72,72.019997,72.220001,71.209999,72.120003,3511100,70.307976,144.34000,1/28/19,TGT,-0.003729879,-0.003729742,-0.263655917,E
73,72.120003,72.190002,71.300003,71.699997,3320600,69.898529,143.89000,1/29/19,TGT,-0.005823621,-0.00582371,0.205192159,D
74,72.300003,72.650002,71.309998,72.330002,3789300,70.512695,144.98000,1/30/19,TGT,0.008786537,0.008786681,0.121643029,D
75,72.309998,73.07,72.07,73,6699400,71.165863,146.07000,1/31/19,TGT,0.009263126,0.009263072,-0.135399707,E
76,73.099998,73.099998,70.459999,71.169998,5916200,69.381836,144.27000,2/1/19,TGT,-0.025068578,-0.025068521,0.191269023,D
77,71.209999,72.559998,70.809998,72.440002,3622300,70.619949,145.00000,2/4/19,TGT,0.017844915,0.017844654,-0.432781725,E
78,72.709999,73.050003,72.25,72.769997,3526200,70.941643,145.82000,2/5/19,TGT,0.004555285,0.004555425,-0.731494823,D
79,72.629997,72.739998,71.870003,72.510002,3399300,70.688179,145.25000,2/6/19,TGT,-0.003572852,-0.003572832,-0.590202064,D
80,72.040001,72.540001,71.480003,71.860001,3711600,70.054512,144.40000,2/7/19,TGT,-0.008964257,-0.008964294,0.199510774,D
81,71.699997,72.18,70.739998,70.879997,4146200,69.099129,143.06000,2/8/19,TGT,-0.013637708,-0.013637684,0.364974589,D
82,70.779999,70.790001,69.07,70.150002,6661000,68.387482,140.94000,2/11/19,TGT,-0.010298929,-0.010299027,0.751080269,D
83,70.699997,71.18,70.260002,70.410004,4505500,68.640945,141.59000,2/12/19,TGT,0.003706278,0.003706372,0.799889005,D
84,70.610001,72.760002,69.970001,72.57,7186900,70.746674,145.33000,2/13/19,TGT,0.030677448,0.030677402,0.038503576,E
85,71.730003,72.989998,71.110001,72.18,4624800,70.366463,145.17000,2/14/19,TGT,-0.00537426,-0.005374122,-0.041315761,E
86,72.559998,73.379997,72.220001,72.839996,3835800,71.009888,146.21999,2/15/19,TGT,0.009143916,0.009143752,-0.162475148,E
87,72.93,73.709999,72.019997,73.300003,6868000,72.091759,147.01000,2/19/19,TGT,0.015235498,0.006315308,-0.055038664,E
88,73.43,73.629997,72.489998,72.709999,5005600,71.511482,146.34000,2/20/19,TGT,-0.008049145,-0.008049167,-0.115899885,E
89,72.760002,72.970001,71.68,72.029999,3985000,70.84269,145.00000,2/21/19,TGT,-0.009352232,-0.009352221,0.272959832,D
90,72.209999,72.639999,71.800003,72.25,3144800,71.059059,144.89000,2/22/19,TGT,0.003054218,0.003054297,0.107349024,D
91,72.830002,73.589996,72.610001,73.099998,7782000,71.89505,146.68999,2/25/19,TGT,0.011764735,0.011764678,-0.043956153,E
92,72.919998,73.220001,71.709999,72.290001,5370900,71.098404,145.51000,2/26/19,TGT,-0.011080679,-0.011080671,0.104521125,D
93,72.309998,73.480003,72.300003,73.019997,5164400,71.816368,146.50000,2/27/19,TGT,0.010098173,0.01009816,0.811392989,D
94,73.120003,73.120003,72.269997,72.639999,5375600,71.442635,145.76000,2/28/19,TGT,-0.005204009,-0.005204027,1.14778472,D
95,73.589996,74.459999,71.959999,72.940002,6833800,71.737694,147.40000,3/1/19,TGT,0.004130013,0.004129997,0.862067898,D
96,73.449997,73.970001,72.449997,72.669998,7383800,71.472137,146.64000,3/4/19,TGT,-0.003701778,-0.003701727,0.831677932,D
97,76.489998,76.559998,74.120003,76,17015100,74.747253,152.56000,3/5/19,TGT,0.045823675,0.045823615,0.070837466,D
98,76.82,77.440002,76.129997,76.900002,7874200,75.632416,154.34000,3/6/19,TGT,0.011842081,0.011842132,-0.188813366,E
99,76.330002,76.989998,75.519997,76.169998,5617900,74.914452,153.16000,3/7/19,TGT,-0.009492808,-0.0094929,0.248985719,D
100,75.879997,75.949997,74.790001,75.809998,4581900,74.560379,151.76000,3/8/19,TGT,-0.004726364,-0.00472627,0.178071073,D
101,75.82,76.300003,75.440002,76.269997,3435900,75.012794,152.57000,3/11/19,TGT,0.006067767,0.006067788,0.101904002,D
102,76.440002,76.5,75.769997,76.18,3646200,74.924286,152.68000,3/12/19,TGT,-0.001179905,-0.001179979,0.442327425,D
103,76.260002,77.370003,76.18,77.120003,3796600,75.848785,154.49001,3/13/19,TGT,0.01233911,0.012339236,0.346601484,D
104,76.660004,76.800003,76.050003,76.489998,3779500,75.229172,153.29000,3/14/19,TGT,-0.008169056,-0.008169152,0.271297575,D
105,76.730003,76.879997,76.07,76.660004,5274100,75.396378,153.54000,3/15/19,TGT,0.002222622,0.002222591,0.725583675,D
106,76.919998,78.010002,76.919998,77.879997,3923500,76.59626,155.89000,3/18/19,TGT,0.015914319,0.015914335,0.112334501,D
107,78.330002,78.769997,78.010002,78.459999,4192300,77.166702,157.23000,3/19/19,TGT,0.007447387,0.007447381,0.017841668,E
108,78.43,78.449997,77.400002,77.540001,4325300,76.261871,155.99000,3/20/19,TGT,-0.011725666,-0.011725695,0.53111637,D
109,78.199997,79.93,78.199997,79.489998,5322000,78.179718,159.42000,3/21/19,TGT,0.025148177,0.025148272,0.083378055,D
110,79.150002,79.589996,78.25,78.32,3174500,77.029007,157.91000,3/22/19,TGT,-0.014718792,-0.014718808,0.504261011,D
111,78.309998,79.279999,78.050003,78.529999,2911400,77.23555,157.81000,3/25/19,TGT,0.002681367,0.002681295,0.43406338,D
112,79.160004,80.029999,79.050003,79.629997,3493600,78.317413,159.66000,3/26/19,TGT,0.014007319,0.01400736,0.085001,D
113,79.68,80.639999,79.550003,79.82,3609400,78.504288,160.46000,3/27/19,TGT,0.002386123,0.002386073,-0.090038516,E
114,80.089996,81.559998,79.870003,80.32,5394100,78.99604,161.88000,3/28/19,TGT,0.006264015,0.006264094,-0.252930482,E
115,80.739998,80.769997,79.849998,80.260002,3886600,78.937035,161.03000,3/29/19,TGT,-0.000746936,-0.000746987,0.279733006,D
116,80.610001,80.610001,79.300003,79.970001,4733900,78.65181,160.58000,4/1/19,TGT,-0.003613323,-0.003613269,0.241859325,D
117,79.599998,80.260002,79.360001,79.459999,2909200,78.150215,159.72000,4/2/19,TGT,-0.006377412,-0.006377416,0.612873064,D
118,79.739998,79.860001,79.190002,79.309998,3251700,78.002686,159.17000,4/3/19,TGT,-0.001887762,-0.001887755,0.333978031,D
119,79.18,81.559998,79.160004,81.379997,4396200,80.038567,162.94000,4/4/19,TGT,0.02610014,0.026100102,-0.155301729,E
120,81.059998,81.580002,80.599998,80.940002,4234600,79.605827,162.52000,4/5/19,TGT,-0.005406644,-0.005406673,-0.121069601,E
121,80.910004,82.230003,80.860001,81.93,4609000,80.579498,164.16000,4/8/19,TGT,0.012231152,0.012231257,-0.296647134,E
122,81.18,81.379997,80.370003,80.660004,4863800,79.330437,162.04000,4/9/19,TGT,-0.015500978,-0.015500989,0.326272086,D
123,80.93,81.410004,80.239998,80.75,2265400,79.418961,162.16000,4/10/19,TGT,0.001115889,0.001115745,0.300581696,D
124,80.699997,81.080002,80.139999,80.449997,2627800,79.123894,161.53000,4/11/19,TGT,-0.003715322,-0.003715207,0.546824006,D
125,81,81.5,80.440002,80.730003,3517200,79.399284,162.23000,4/12/19,TGT,0.003480491,0.003480497,0.616141188,D
126,80.839996,82.129997,80.690002,81.980003,3306200,80.628685,164.11000,4/15/19,TGT,0.015483779,0.015483711,0.009709402,E
127,82.389999,82.459999,81.650002,81.970001,2663600,80.618851,164.43000,4/16/19,TGT,-0.000121967,-0.000122005,0.046107161,E
128,82.400002,83.400002,82.300003,82.68,3045000,81.317139,166.08000,4/17/19,TGT,0.008661597,0.008661693,0.048425424,E
129,82.760002,83.480003,82.440002,83.260002,3162700,81.887589,166.74001,4/18/19,TGT,0.007015126,0.007015022,-0.368879291,E
130,83.160004,83.650002,81.93,82.019997,3331200,80.668022,165.67000,4/22/19,TGT,-0.014893185,-0.014893166,-1.207132936,D
131,81.639999,82.260002,80.290001,82.160004,6238500,80.805717,164.42001,4/23/19,TGT,0.001706934,0.001706986,-1.08538734,D
132,81.669998,83.339996,81.669998,82.879997,2660000,81.51384,166.21999,4/24/19,TGT,0.008763278,0.008763303,-1.375453198,D
133,82.790001,82.790001,81.650002,81.739998,3797000,80.392632,164.53000,4/25/19,TGT,-0.013754818,-0.013754815,-1.557408595,D
134,77.120003,78.360001,74.730003,77.120003,12352800,75.848785,155.48000,4/26/19,TGT,-0.05652069,-0.056520616,-0.182089067,E
135,78.419998,78.480003,76.970001,77.800003,9097000,76.517586,156.28001,4/29/19,TGT,0.008817557,0.008817427,-0.485323158,E
136,78.059998,78.139999,77.010002,77.419998,5339800,76.143845,155.56000,4/30/19,TGT,-0.00488438,-0.004884383,-0.377525366,E
137,77.800003,78.040001,75.620003,75.669998,5463200,74.422684,153.71000,5/1/19,TGT,-0.022604073,-0.022603979,-0.166204194,E
138,76.080002,77,75.739998,76.419998,4456300,75.160324,153.42000,5/2/19,TGT,0.009911494,0.009911458,-0.266636917,E
139,75.970001,77,75.32,75.940002,5774300,74.68824,152.94000,5/3/19,TGT,-0.006281027,-0.006281026,-0.219879457,E
140,75,76.150002,74.75,75.980003,4008600,74.727585,152.13001,5/6/19,TGT,0.00052679,0.000526745,-0.356213507,E
141,75.449997,75.82,74.470001,75.040001,4437200,73.803078,150.86000,5/7/19,TGT,-0.012371696,-0.012371703,-0.90351752,D
142,75.120003,75.779999,74.300003,75.410004,3997700,74.166977,151.19000,5/8/19,TGT,0.004930675,0.004930744,-1.127411555,D
143,74.949997,75.559998,74.230003,75.110001,4549300,73.871925,150.67000,5/9/19,TGT,-0.003978213,-0.003978292,-1.182944429,D
144,74.660004,75.089996,73.330002,74.639999,5200300,73.409668,149.73000,5/10/19,TGT,-0.006257546,-0.006257516,-1.074700009,D
145,73.290001,73.529999,71.370003,71.68,6055200,70.498459,145.21000,5/13/19,TGT,-0.039657024,-0.039657007,-0.222272524,E
146,70.970001,71.769997,70.029999,71.260002,8063100,70.716789,143.03000,5/14/19,TGT,0.003096947,-0.005859347,0.2304536,D
147,70.940002,71.220001,70.260002,70.809998,5578900,70.27021,142.03000,5/15/19,TGT,-0.006315035,-0.006314959,0.322562832,D
148,71.489998,71.940002,70.610001,70.779999,4476200,70.24044,142.72000,5/16/19,TGT,-0.00042365,-0.000423655,1.866380118,D
149,70.139999,71.589996,70.089996,70.889999,3891200,70.349602,142.48000,5/17/19,TGT,0.001554119,0.001554111,2.288311866,D
150,71.419998,72.32,71.099998,72.080002,5750100,71.530533,144.40000,5/20/19,TGT,0.016786605,0.016786613,2.480591258,D
151,71.260002,72.949997,70.709999,71.959999,7705900,71.411446,144.91000,5/21/19,TGT,-0.001664842,-0.001664858,2.251699149,D
152,77.010002,79.190002,76.800003,77.559998,20777800,76.968758,156.75000,5/22/19,TGT,0.077821026,0.077820999,0.521381917,D
153,77.809998,79.589996,76.82,79.400002,11619600,78.794731,158.99000,5/23/19,TGT,0.023723561,0.023723621,0.246408892,D
154,79.599998,81.660004,79.580002,81.57,7851700,80.948189,163.23000,5/24/19,TGT,0.027329975,0.027329949,-0.27804057,E
155,81.779999,82.25,80.690002,80.769997,6522700,80.154289,163.02000,5/28/19,TGT,-0.009807508,-0.009807564,0.539336977,D
156,80.029999,80.190002,79.129997,79.639999,5772200,79.032906,159.83000,5/29/19,TGT,-0.013990306,-0.013990319,1.517298464,D
157,80.010002,80.790001,79.900002,80.389999,3996900,79.777184,161.18000,5/30/19,TGT,0.009417318,0.009417378,1.228530613,D
158,79.790001,80.589996,79.410004,80.449997,4137000,79.836723,161.03999,5/31/19,TGT,0.000746316,0.000746337,1.248691885,D
159,80.599998,83.760002,80.559998,82.949997,7071800,82.317665,166.71000,6/3/19,TGT,0.031075198,0.031075203,0.913691573,D
160,83.349998,85.959999,83.25,85.849998,7952700,85.195564,171.81000,6/4/19,TGT,0.034960892,0.034960833,0.394030462,D
161,86.379997,87.410004,85.129997,85.489998,6744500,84.838303,172.90000,6/5/19,TGT,-0.004193423,-0.004193361,0.544481366,D
162,85.480003,86.040001,84.699997,85.699997,4558400,85.046707,171.74000,6/6/19,TGT,0.002456485,0.002456416,0.586874444,D
163,86.260002,87.43,86.050003,86.849998,5214100,86.187943,174.28000,6/7/19,TGT,0.013418932,0.013418915,0.330440279,D
164,87.339996,87.980003,87.150002,87.550003,3019500,86.882607,175.53001,6/10/19,TGT,0.008059874,0.008059931,0.054576008,D
165,88,88.639999,87.629997,87.849998,4285000,87.180313,176.49000,6/11/19,TGT,0.003426532,0.003426556,-0.161605817,E
166,87.910004,88.389999,87.589996,88.260002,3650900,87.587196,176.65000,6/12/19,TGT,0.004667143,0.004667092,-0.408713347,E
167,88.459999,89.150002,87.970001,88.300003,3200300,87.626892,177.45001,6/13/19,TGT,0.000453217,0.000453218,-0.490983105,E
168,88.330002,88.730003,87.269997,87.790001,4300800,87.120773,176.52000,6/14/19,TGT,-0.005775841,-0.005775787,-0.364248792,E
169,87.459999,87.599998,86.279999,87.139999,4194500,86.475731,174.74000,6/17/19,TGT,-0.007403998,-0.007404055,0.106093224,D
170,87.510002,87.610001,86.279999,86.470001,4389100,85.810837,174.08000,6/18/19,TGT,-0.007688793,-0.007688754,0.057715393,D
171,86.540001,86.75,85.629997,86.160004,4088200,85.503204,172.91000,6/19/19,TGT,-0.003585013,-0.003585024,-0.106387058,E
172,86.660004,86.690002,85.480003,86.209999,3814800,85.552818,172.90000,6/20/19,TGT,0.000580259,0.000580258,-0.143579041,E
173,86.360001,88.599998,86.059998,87.599998,7847600,86.93222,176.20000,6/21/19,TGT,0.016123396,0.016123408,-0.400944428,E
174,87.459999,87.989998,86.449997,86.720001,3059000,86.058929,174.71000,6/24/19,TGT,-0.010045654,-0.010045628,-0.025552278,E
175,87.139999,87.25,85.559998,85.699997,5061300,85.046707,172.95000,6/25/19,TGT,-0.011761964,-0.011762039,0.28789789,D
176,86.059998,86.599998,85.529999,85.589996,2978100,84.937546,172.18999,6/26/19,TGT,-0.001283542,-0.001283559,0.335610459,D
177,85.610001,86.190002,85.290001,85.870003,2941600,85.215416,172.06001,6/27/19,TGT,0.003271463,0.003271492,0.467354028,D
178,85.800003,87.129997,85.75,86.610001,5284100,85.949768,173.74000,6/28/19,TGT,0.008617596,0.008617654,0.464392281,D
179,87.550003,88.839996,86.010002,86.940002,4780700,86.27726,175.78000,7/1/19,TGT,0.003810272,0.003810195,0.448308482,D
180,86.910004,87.050003,86.239998,87.040001,2323600,86.376495,174.09000,7/2/19,TGT,0.001150187,0.001150207,0.172613955,D
181,87.5,87.980003,87.419998,87.900002,1532900,87.229935,175.88001,7/3/19,TGT,0.009880466,0.009880526,-0.466864945,E
182,87.75,88.779999,87.440002,88.639999,2032000,87.964294,177.42000,7/5/19,TGT,0.008418658,0.008418623,-0.495806881,E
183,88.550003,89.410004,87.949997,88.910004,4734400,88.232239,178.32001,7/8/19,TGT,0.003046065,0.003046085,-0.316108893,E
184,88.470001,89.400002,87.800003,87.800003,3986900,87.130699,177.20001,7/9/19,TGT,-0.012484552,-0.012484546,-0.230176083,E
185,87.849998,88,85.68,85.849998,5638400,85.195564,173.85000,7/10/19,TGT,-0.022209566,-0.022209623,0.565569249,D
186,86.400002,87.220001,86.059998,86.470001,5307700,85.810837,173.69000,7/11/19,TGT,0.00722189,0.007221934,0.318099639,D
187,87.050003,88.879997,86.730003,87.529999,4732000,86.862755,176.41000,7/12/19,TGT,0.012258568,0.012258564,0.220956947,D
188,87.550003,88.209999,86.449997,86.800003,3174200,86.138329,175.01000,7/15/19,TGT,-0.008339892,-0.008339952,0.275325154,D
189,87.419998,88.82,87.099998,88.309998,5276900,87.63681,177.13000,7/16/19,TGT,0.017396216,0.017396255,-0.247782904,E
190,88.050003,88.120003,87.209999,87.860001,3671100,87.190239,175.98000,7/17/19,TGT,-0.005095701,-0.005095652,0.154499805,D
191,87.510002,88.519997,87.029999,88.5,3847300,87.825363,177.02000,7/18/19,TGT,0.007284348,0.007284304,0.133676817,D
192,88.839996,89.139999,88,88.010002,3420400,87.339104,177.15000,7/19/19,TGT,-0.005536658,-0.005536701,-0.009074019,E
193,88.25,88.639999,86.879997,87.220001,2850200,86.555122,175.86000,7/22/19,TGT,-0.0089763,-0.008976264,-0.036374239,E
194,87.75,88.559998,86.690002,88.540001,4304000,87.865059,177.10000,7/23/19,TGT,0.015134136,0.015134143,-0.297801269,E
195,88.019997,89.510002,87.720001,89.089996,3204700,88.410858,178.60000,7/24/19,TGT,0.006211787,0.006211825,-0.504301172,D
196,88.82,89.029999,87.419998,87.970001,3603500,87.299408,177.00000,7/25/19,TGT,-0.01257142,-0.012571501,-0.360471827,E
197,87.839996,87.839996,86.370003,87.059998,5315900,86.396339,174.89999,7/26/19,TGT,-0.010344503,-0.01034447,-1.032100925,D
198,87.160004,87.459999,86.660004,87.230003,3328800,86.565048,174.69000,7/29/19,TGT,0.001952733,0.001952734,-1.344638166,D
199,87.269997,87.290001,86.220001,86.879997,2733400,86.217712,174.17000,7/30/19,TGT,-0.004012428,-0.00401245,-1.456205256,D
200,86.830002,87.510002,85.830002,86.400002,4470600,85.741371,173.91000,7/31/19,TGT,-0.005524862,-0.005524805,-0.876601063,D
201,86.190002,87.040001,81.029999,82.620003,7100500,81.990189,169.66000,8/1/19,TGT,-0.043749965,-0.043749987,0.094957269,D
202,82.529999,82.730003,81.449997,81.519997,5134500,80.898567,164.25000,8/2/19,TGT,-0.013314056,-0.01331404,0.553547306,D
203,81.300003,81.57,80.029999,80.790001,7255600,80.174141,162.36000,8/5/19,TGT,-0.008954745,-0.008954809,0.392461595,D
204,81.160004,83.209999,80.769997,82.769997,5546300,82.139038,165.98000,8/6/19,TGT,0.024507865,0.024507934,-0.178734842,E
205,81.940002,83.25,81.129997,83.010002,4762100,82.377213,166.26000,8/7/19,TGT,0.002899657,0.002899662,0.296035039,D
206,83.730003,84.620003,82.980003,83.800003,4464100,83.161194,168.42001,8/8/19,TGT,0.009516964,0.009516937,-0.460941667,E
207,83.5,84.370003,82.050003,82.410004,4966300,81.781792,166.78001,8/9/19,TGT,-0.016587087,-0.0165871,0.036306732,E
208,81.32,82.160004,81.050003,82.029999,5194200,81.404686,164.19000,8/12/19,TGT,-0.004611124,-0.004611151,0.525389834,D
209,81.599998,86.639999,81.209999,84.239998,8412100,83.597832,170.88000,8/13/19,TGT,0.026941275,0.026941351,0.557834467,D
210,81.860001,83.220001,81.150002,81.889999,7011500,81.265747,165.11000,8/14/19,TGT,-0.027896477,-0.027896475,0.865080692,D
211,83.360001,84.050003,82.010002,82.559998,5389000,81.930641,166.61000,8/15/19,TGT,0.008181725,0.008181695,4.625690706,D
212,83.300003,84.459999,83.169998,84.209999,4861100,83.568062,168.67000,8/16/19,TGT,0.019985453,0.019985478,4.748303625,D
213,86.5,86.879997,85.709999,86.580002,7353800,85.919998,173.46000,8/19/19,TGT,0.028143958,0.028143962,3.487172324,D
214,86.230003,87.120003,85.529999,85.529999,8797200,85.529999,172.65000,8/20/19,TGT,-0.004539095,-0.012127546,3.824213041,D
215,99.870003,103.379997,98.129997,103,41449400,103,206.38000,8/21/19,TGT,0.204255831,0.204255831,0.325495333,D
216,105.389999,106.519997,103.379997,106.32,17105700,106.32,212.84000,8/22/19,TGT,0.03223301,0.03223301,0.015218764,E
217,104.769997,105.940002,103.25,103.489998,8989600,103.489998,209.43000,8/23/19,TGT,-0.026617777,-0.026617777,0.84204177,D
218,104.910004,105.739998,103.769997,104.769997,5583100,104.769997,210.51000,8/26/19,TGT,0.012368335,0.012368335,0.427624899,D
219,105.010002,105.099998,104.260002,104.699997,5319900,104.699997,209.80000,8/27/19,TGT,-0.00066813,-0.00066813,0.37726679,D
220,104.669998,106.720001,104.5,106.400002,6641000,106.400002,213.12000,8/28/19,TGT,0.016236915,0.016236915,0.17929161,D
221,107.989998,108.550003,106.93,107.93,5196600,107.93,216.48000,8/29/19,TGT,0.01437968,0.01437968,0.113471669,D
222,108.5,109.330002,106.830002,107.040001,5309000,107.040001,216.37000,8/30/19,TGT,-0.008246076,-0.008246076,0.520852085,D
223,106.769997,107.480003,106.010002,106.709999,3992100,106.709999,214.19000,9/3/19,TGT,-0.003082978,-0.003082978,0.229455045,D
224,107,107.919998,106.809998,107.360001,3963700,107.360001,215.28000,9/4/19,TGT,0.006091294,0.006091294,0.270952943,D
225,109.239998,109.400002,108.220001,108.540001,4144400,108.540001,217.94000,9/5/19,TGT,0.010991058,0.010991058,0.079023781,D
226,108.949997,110.940002,108.800003,109.849998,5274400,109.849998,220.79000,9/6/19,TGT,0.012069255,0.012069255,-0.167112792,E
227,109.599998,110.269997,107.519997,107.949997,5005500,107.949997,218.21999,9/9/19,TGT,-0.017296323,-0.017296323,0.007371011,E
228,107.410004,108.830002,106.839996,108.830002,3949200,108.830002,217.66000,9/10/19,TGT,0.008151969,0.008151969,-0.345216451,E
229,108.699997,109.510002,107.889999,108.970001,3704700,108.970001,218.48000,9/11/19,TGT,0.001286401,0.001286401,-0.312882216,E
230,109.43,109.720001,108.550003,108.940002,3185700,108.940002,218.66000,9/12/19,TGT,-0.000275296,-0.000275296,-0.366075929,E
231,109.07,109.169998,107.830002,107.989998,2508300,107.989998,217.16000,9/13/19,TGT,-0.008720433,-0.008720433,-0.022342525,E
232,107.25,107.940002,106.300003,106.959999,4642500,106.959999,214.90000,9/16/19,TGT,-0.009537911,-0.009537911,-0.054129911,E
233,106.629997,107.459999,106.18,107.279999,4325800,107.279999,214.74000,9/17/19,TGT,0.002991773,0.002991773,0.279033428,D
234,107.120003,107.690002,106.010002,106.970001,2950900,106.970001,214.66000,9/18/19,TGT,-0.002889616,-0.002889616,0.089261725,D
235,108.550003,108.739998,106.879997,107.870003,2938700,107.870003,216.61000,9/19/19,TGT,0.008413593,0.008413593,-0.199043845,E
236,108.309998,108.550003,106.599998,106.669998,4199800,106.669998,215.22000,9/20/19,TGT,-0.011124548,-0.011124548,-0.070896286,E
237,107.419998,110.410004,107.209999,108.779999,4945300,108.779999,219.19000,9/23/19,TGT,0.019780642,0.019780642,-0.496786939,E
238,110.199997,110.199997,107.080002,107.449997,5397700,107.449997,217.64999,9/24/19,TGT,-0.012226531,-0.012226531,-0.101203777,E
239,107.07,108.129997,106.620003,106.800003,3934100,106.800003,214.93000,9/25/19,TGT,-0.00604927,-0.00604927,-0.16163609,E
240,106.900002,107.400002,104.68,106.290001,5166600,106.290001,213.69000,9/26/19,TGT,-0.004775299,-0.004775299,-0.213038153,E
241,105.949997,106.809998,105.529999,106.120003,3188600,106.120003,212.93000,9/27/19,TGT,-0.001599379,-0.001599379,0.094206309,D
242,106.669998,107.389999,106.419998,106.910004,3639000,106.910004,214.30000,9/30/19,TGT,0.007444412,0.007444412,0.410318692,D
243,107.330002,108.139999,105.860001,105.940002,3557400,105.940002,214.08000,10/1/19,TGT,-0.00907307,-0.00907307,0.375861583,D
244,104.900002,105.959999,104.010002,105.160004,5637600,105.160004,211.12000,10/2/19,TGT,-0.007362639,-0.007362639,0.625289477,D
245,105.230003,106.699997,104.389999,106.620003,3512600,106.620003,213.32000,10/3/19,TGT,0.013883596,0.013883596,0.689337025,D
246,106.769997,109.269997,106.540001,109.099998,4116400,109.099998,218.37000,10/4/19,TGT,0.023260129,0.023260129,0.268984816,D
247,108.660004,108.849998,107.139999,107.949997,3755600,107.949997,216.80000,10/7/19,TGT,-0.010540798,-0.010540798,-19.74394115,D